year,sex,count,percentage,Gender
1900,F,33,1.7045454545454544,Female
1900,M,1903,98.29545454545455,Male
2016,F,6223,45.46317942723553,Female
2016,M,7465,54.53682057276447,Male
